<?xml version="1.0" encoding="UTF-8"?>
<GenRun Id="impl_1" LaunchPart="xc7z020clg400-1" LaunchTime="1620773312">
  <File Type="BITSTR-BMM" Name="BP_top_bd.bmm"/>
  <File Type="OPT-METHODOLOGY-DRC" Name="BP_top_methodology_drc_opted.rpt"/>
  <File Type="INIT-TIMING" Name="BP_top_timing_summary_init.rpt"/>
  <File Type="ROUTE-PWR" Name="BP_top_power_routed.rpt"/>
  <File Type="PA-TCL" Name="BP_top.tcl"/>
  <File Type="OPT-TIMING" Name="BP_top_timing_summary_opted.rpt"/>
  <File Type="OPT-DCP" Name="BP_top_opt.dcp"/>
  <File Type="ROUTE-PWR-SUM" Name="BP_top_power_summary_routed.pb"/>
  <File Type="REPORTS-TCL" Name="BP_top_reports.tcl"/>
  <File Type="OPT-DRC" Name="BP_top_drc_opted.rpt"/>
  <File Type="OPT-HWDEF" Name="BP_top.hwdef"/>
  <File Type="PWROPT-DCP" Name="BP_top_pwropt.dcp"/>
  <File Type="PWROPT-DRC" Name="BP_top_drc_pwropted.rpt"/>
  <File Type="PWROPT-TIMING" Name="BP_top_timing_summary_pwropted.rpt"/>
  <File Type="PLACE-DCP" Name="BP_top_placed.dcp"/>
  <File Type="PLACE-IO" Name="BP_top_io_placed.rpt"/>
  <File Type="PLACE-CLK" Name="BP_top_clock_utilization_placed.rpt"/>
  <File Type="PLACE-UTIL" Name="BP_top_utilization_placed.rpt"/>
  <File Type="PLACE-UTIL-PB" Name="BP_top_utilization_placed.pb"/>
  <File Type="PLACE-CTRL" Name="BP_top_control_sets_placed.rpt"/>
  <File Type="PLACE-SIMILARITY" Name="BP_top_incremental_reuse_placed.rpt"/>
  <File Type="PLACE-PRE-SIMILARITY" Name="BP_top_incremental_reuse_pre_placed.rpt"/>
  <File Type="PLACE-TIMING" Name="BP_top_timing_summary_placed.rpt"/>
  <File Type="POSTPLACE-PWROPT-DCP" Name="BP_top_postplace_pwropt.dcp"/>
  <File Type="BG-BIN" Name="BP_top.bin"/>
  <File Type="POSTPLACE-PWROPT-TIMING" Name="BP_top_timing_summary_postplace_pwropted.rpt"/>
  <File Type="PHYSOPT-DCP" Name="BP_top_physopt.dcp"/>
  <File Type="PHYSOPT-DRC" Name="BP_top_drc_physopted.rpt"/>
  <File Type="BITSTR-MSK" Name="BP_top.msk"/>
  <File Type="PHYSOPT-TIMING" Name="BP_top_timing_summary_physopted.rpt"/>
  <File Type="ROUTE-ERROR-DCP" Name="BP_top_routed_error.dcp"/>
  <File Type="ROUTE-DCP" Name="BP_top_routed.dcp"/>
  <File Type="ROUTE-BLACKBOX-DCP" Name="BP_top_routed_bb.dcp"/>
  <File Type="ROUTE-DRC" Name="BP_top_drc_routed.rpt"/>
  <File Type="ROUTE-DRC-PB" Name="BP_top_drc_routed.pb"/>
  <File Type="ROUTE-DRC-RPX" Name="BP_top_drc_routed.rpx"/>
  <File Type="BITSTR-MMI" Name="BP_top.mmi"/>
  <File Type="ROUTE-METHODOLOGY-DRC" Name="BP_top_methodology_drc_routed.rpt"/>
  <File Type="ROUTE-METHODOLOGY-DRC-RPX" Name="BP_top_methodology_drc_routed.rpx"/>
  <File Type="ROUTE-METHODOLOGY-DRC-PB" Name="BP_top_methodology_drc_routed.pb"/>
  <File Type="ROUTE-PWR-RPX" Name="BP_top_power_routed.rpx"/>
  <File Type="ROUTE-STATUS" Name="BP_top_route_status.rpt"/>
  <File Type="ROUTE-STATUS-PB" Name="BP_top_route_status.pb"/>
  <File Type="ROUTE-TIMINGSUMMARY" Name="BP_top_timing_summary_routed.rpt"/>
  <File Type="ROUTE-TIMING-PB" Name="BP_top_timing_summary_routed.pb"/>
  <File Type="ROUTE-TIMING-RPX" Name="BP_top_timing_summary_routed.rpx"/>
  <File Type="ROUTE-SIMILARITY" Name="BP_top_incremental_reuse_routed.rpt"/>
  <File Type="ROUTE-CLK" Name="BP_top_clock_utilization_routed.rpt"/>
  <File Type="ROUTE-BUS-SKEW" Name="BP_top_bus_skew_routed.rpt"/>
  <File Type="ROUTE-BUS-SKEW-PB" Name="BP_top_bus_skew_routed.pb"/>
  <File Type="ROUTE-BUS-SKEW-RPX" Name="BP_top_bus_skew_routed.rpx"/>
  <File Type="POSTROUTE-PHYSOPT-DCP" Name="BP_top_postroute_physopt.dcp"/>
  <File Type="POSTROUTE-PHYSOPT-BLACKBOX-DCP" Name="BP_top_postroute_physopt_bb.dcp"/>
  <File Type="POSTROUTE-PHYSOPT-TIMING" Name="BP_top_timing_summary_postroute_physopted.rpt"/>
  <File Type="POSTROUTE-PHYSOPT-TIMING-PB" Name="BP_top_timing_summary_postroute_physopted.pb"/>
  <File Type="POSTROUTE-PHYSOPT-TIMING-RPX" Name="BP_top_timing_summary_postroute_physopted.rpx"/>
  <File Type="POSTROUTE-PHYSOPT-BUS-SKEW" Name="BP_top_bus_skew_postroute_physopted.rpt"/>
  <File Type="POSTROUTE-PHYSOPT-BUS-SKEW-PB" Name="BP_top_bus_skew_postroute_physopted.pb"/>
  <File Type="BG-BIT" Name="BP_top.bit"/>
  <File Type="POSTROUTE-PHYSOPT-BUS-SKEW-RPX" Name="BP_top_bus_skew_postroute_physopted.rpx"/>
  <File Type="BITSTR-RBT" Name="BP_top.rbt"/>
  <File Type="BITSTR-NKY" Name="BP_top.nky"/>
  <File Type="PDI-FILE" Name="BP_top.pdi"/>
  <File Type="RCFI_FILE" Name="BP_top.rcfi"/>
  <File Type="CFI_FILE" Name="BP_top.cfi"/>
  <File Type="RNPI_FILE" Name="BP_top.rnpi"/>
  <File Type="NPI_FILE" Name="BP_top.npi"/>
  <File Type="RBD_FILE" Name="BP_top.rbd"/>
  <File Type="BITSTR-LTX" Name="debug_nets.ltx"/>
  <File Type="BITSTR-LTX" Name="BP_top.ltx"/>
  <File Type="BITSTR-SYSDEF" Name="BP_top.sysdef"/>
  <File Type="BG-BGN" Name="BP_top.bgn"/>
  <File Type="BG-DRC" Name="BP_top.drc"/>
  <File Type="RDI-RDI" Name="BP_top.vdi"/>
  <File Type="WBT-USG" Name="usage_statistics_webtalk.html"/>
  <FileSet Name="sources" Type="DesignSrcs" RelSrcDir="$PSRCDIR/sources_1" RelGenDir="$PGENDIR/sources_1">
    <Filter Type="Srcs"/>
    <File Path="$PSRCDIR/sources_1/bd/VideoBuffer/VideoBuffer.bd">
      <FileInfo>
        <Attr Name="UsedIn" Val="synthesis"/>
        <Attr Name="UsedIn" Val="implementation"/>
        <Attr Name="UsedIn" Val="simulation"/>
      </FileInfo>
    </File>
    <File Path="$PSRCDIR/sources_1/bd/DCM/DCM.bd">
      <FileInfo>
        <Attr Name="UsedIn" Val="synthesis"/>
        <Attr Name="UsedIn" Val="implementation"/>
        <Attr Name="UsedIn" Val="simulation"/>
      </FileInfo>
    </File>
    <File Path="$PGENDIR/sources_1/bd/DCM/hdl/DCM_wrapper.v">
      <FileInfo>
        <Attr Name="UsedIn" Val="synthesis"/>
        <Attr Name="UsedIn" Val="implementation"/>
        <Attr Name="UsedIn" Val="simulation"/>
      </FileInfo>
    </File>
    <File Path="$PSRCDIR/sources_1/new/Display_top.v">
      <FileInfo>
        <Attr Name="UsedIn" Val="synthesis"/>
        <Attr Name="UsedIn" Val="implementation"/>
        <Attr Name="UsedIn" Val="simulation"/>
      </FileInfo>
    </File>
    <File Path="$PSRCDIR/sources_1/new/GameControlTimer.v">
      <FileInfo>
        <Attr Name="UsedIn" Val="synthesis"/>
        <Attr Name="UsedIn" Val="implementation"/>
        <Attr Name="UsedIn" Val="simulation"/>
      </FileInfo>
    </File>
    <File Path="$PSRCDIR/sources_1/new/GameControl_top.v">
      <FileInfo>
        <Attr Name="UsedIn" Val="synthesis"/>
        <Attr Name="UsedIn" Val="implementation"/>
        <Attr Name="UsedIn" Val="simulation"/>
      </FileInfo>
    </File>
    <File Path="$PSRCDIR/sources_1/new/GameTimer.v">
      <FileInfo>
        <Attr Name="UsedIn" Val="synthesis"/>
        <Attr Name="UsedIn" Val="implementation"/>
        <Attr Name="UsedIn" Val="simulation"/>
      </FileInfo>
    </File>
    <File Path="$PSRCDIR/sources_1/new/Game_state.v">
      <FileInfo>
        <Attr Name="UsedIn" Val="synthesis"/>
        <Attr Name="UsedIn" Val="implementation"/>
        <Attr Name="UsedIn" Val="simulation"/>
      </FileInfo>
    </File>
    <File Path="$PSRCDIR/sources_1/new/HDMI_FrameGen_top.v">
      <FileInfo>
        <Attr Name="UsedIn" Val="synthesis"/>
        <Attr Name="UsedIn" Val="implementation"/>
        <Attr Name="UsedIn" Val="simulation"/>
      </FileInfo>
    </File>
    <File Path="$PSRCDIR/sources_1/new/HDMI_FrameRead.v">
      <FileInfo>
        <Attr Name="UsedIn" Val="synthesis"/>
        <Attr Name="UsedIn" Val="implementation"/>
        <Attr Name="UsedIn" Val="simulation"/>
      </FileInfo>
    </File>
    <File Path="$PSRCDIR/sources_1/new/HDMI_Out.v">
      <FileInfo>
        <Attr Name="UsedIn" Val="synthesis"/>
        <Attr Name="UsedIn" Val="implementation"/>
        <Attr Name="UsedIn" Val="simulation"/>
      </FileInfo>
    </File>
    <File Path="$PSRCDIR/sources_1/new/HDMI_PixelROM.v">
      <FileInfo>
        <Attr Name="UsedIn" Val="synthesis"/>
        <Attr Name="UsedIn" Val="implementation"/>
        <Attr Name="UsedIn" Val="simulation"/>
      </FileInfo>
    </File>
    <File Path="$PSRCDIR/sources_1/new/HDMI_TX.v">
      <FileInfo>
        <Attr Name="UsedIn" Val="synthesis"/>
        <Attr Name="UsedIn" Val="implementation"/>
        <Attr Name="UsedIn" Val="simulation"/>
      </FileInfo>
    </File>
    <File Path="$PSRCDIR/sources_1/new/HDMI_Timing.v">
      <FileInfo>
        <Attr Name="UsedIn" Val="synthesis"/>
        <Attr Name="UsedIn" Val="implementation"/>
        <Attr Name="UsedIn" Val="simulation"/>
      </FileInfo>
    </File>
    <File Path="$PSRCDIR/sources_1/new/Mem_Timing.v">
      <FileInfo>
        <Attr Name="UsedIn" Val="synthesis"/>
        <Attr Name="UsedIn" Val="implementation"/>
        <Attr Name="UsedIn" Val="simulation"/>
      </FileInfo>
    </File>
    <File Path="$PSRCDIR/sources_1/new/Mem_Writer.v">
      <FileInfo>
        <Attr Name="UsedIn" Val="synthesis"/>
        <Attr Name="UsedIn" Val="implementation"/>
        <Attr Name="UsedIn" Val="simulation"/>
      </FileInfo>
    </File>
    <File Path="$PSRCDIR/sources_1/new/TMDS-rev2.v">
      <FileInfo>
        <Attr Name="UsedIn" Val="synthesis"/>
        <Attr Name="UsedIn" Val="implementation"/>
        <Attr Name="UsedIn" Val="simulation"/>
      </FileInfo>
    </File>
    <File Path="$PGENDIR/sources_1/bd/VideoBuffer/hdl/VideoBuffer_wrapper.v">
      <FileInfo>
        <Attr Name="UsedIn" Val="synthesis"/>
        <Attr Name="UsedIn" Val="implementation"/>
        <Attr Name="UsedIn" Val="simulation"/>
      </FileInfo>
    </File>
    <File Path="$PSRCDIR/sources_1/new/BP_top.v">
      <FileInfo>
        <Attr Name="UsedIn" Val="synthesis"/>
        <Attr Name="UsedIn" Val="implementation"/>
        <Attr Name="UsedIn" Val="simulation"/>
      </FileInfo>
    </File>
    <Config>
      <Option Name="DesignMode" Val="RTL"/>
      <Option Name="TopModule" Val="BP_top"/>
    </Config>
  </FileSet>
  <FileSet Name="constrs_in" Type="Constrs" RelSrcDir="$PSRCDIR/constrs_1">
    <Filter Type="Constrs"/>
    <File Path="$PSRCDIR/sources_1/constrs_1/new/test-constr.xdc">
      <FileInfo>
        <Attr Name="UsedIn" Val="synthesis"/>
        <Attr Name="UsedIn" Val="implementation"/>
      </FileInfo>
    </File>
    <Config>
      <Option Name="ConstrsType" Val="XDC"/>
    </Config>
  </FileSet>
  <FileSet Name="utils" Type="Utils" RelSrcDir="$PSRCDIR/utils_1">
    <Filter Type="Utils"/>
    <Config>
      <Option Name="TopAutoSet" Val="TRUE"/>
    </Config>
  </FileSet>
  <Strategy Version="1" Minor="2">
    <StratHandle Name="Vivado Implementation Defaults" Flow="Vivado Implementation 2020"/>
    <Step Id="init_design"/>
    <Step Id="opt_design"/>
    <Step Id="power_opt_design"/>
    <Step Id="place_design"/>
    <Step Id="post_place_power_opt_design"/>
    <Step Id="phys_opt_design"/>
    <Step Id="route_design"/>
    <Step Id="post_route_phys_opt_design"/>
    <Step Id="write_bitstream"/>
  </Strategy>
  <BlockFileSet Type="BlockSrcs" Name="VideoBuffer_blk_mem_gen_0_0"/>
  <BlockFileSet Type="BlockSrcs" Name="DCM_clk_wiz_0_1"/>
</GenRun>
