Sample in Buffer,Sample in Window,TRIGGER,UUT3/DOUT[39:0],UUT3/SS,UUT3/SCLK,UUT3/MOSI,UUT3/MISO,UUT3/Game_Enable,UUT3/PMOD_Ydata[15:0],UUT3/paddlePosY[9:0]
Radix - UNSIGNED,UNSIGNED,UNSIGNED,HEX,HEX,HEX,HEX,HEX,HEX,UNSIGNED,HEX
0,0,0,de01fe0180,1,0,0,1,0,65025,16e
1,1,0,de01fe0180,1,0,0,1,0,65025,16e
2,2,0,de01fe0180,1,0,0,1,0,65025,16e
3,3,0,de01fe0180,1,0,0,1,0,65025,16e
4,4,0,de01fe0180,1,0,0,1,0,65025,16e
5,5,0,de01fe0180,1,0,0,1,0,65025,16e
6,6,0,de01fe0180,1,0,0,1,0,65025,16e
7,7,0,de01fe0180,1,0,0,1,0,65025,16e
8,8,0,de01fe0180,1,0,0,1,0,65025,16e
9,9,0,de01fe0180,1,0,0,1,0,65025,16e
10,10,0,de01fe0180,1,0,0,1,0,65025,16e
11,11,0,de01fe0180,1,0,0,1,0,65025,16e
12,12,0,de01fe0180,1,0,0,1,0,65025,16e
13,13,0,de01fe0180,1,0,0,1,0,65025,16e
14,14,0,de01fe0180,1,0,0,1,0,65025,16e
15,15,0,de01fe0180,1,0,0,1,0,65025,16e
16,16,0,de01fe0180,1,0,0,1,0,65025,16e
17,17,0,de01fe0180,1,0,0,1,0,65025,16e
18,18,0,de01fe0180,1,0,0,1,0,65025,16e
19,19,0,de01fe0180,1,0,0,1,0,65025,16e
20,20,0,de01fe0180,1,0,0,1,0,65025,16e
21,21,0,de01fe0180,1,0,0,1,0,65025,16e
22,22,0,de01fe0180,1,0,0,1,0,65025,16e
23,23,0,de01fe0180,1,0,0,1,0,65025,16e
24,24,0,de01fe0180,1,0,0,1,0,65025,16e
25,25,0,de01fe0180,1,0,0,1,0,65025,16e
26,26,0,de01fe0180,1,0,0,1,0,65025,16e
27,27,0,de01fe0180,1,0,0,1,0,65025,16e
28,28,0,de01fe0180,1,0,0,1,0,65025,16e
29,29,0,de01fe0180,1,0,0,1,0,65025,16e
30,30,0,de01fe0180,1,0,0,1,0,65025,16e
31,31,0,de01fe0180,1,0,0,1,0,65025,16e
32,32,0,de01fe0180,1,0,0,1,0,65025,16e
33,33,0,de01fe0180,1,0,0,1,0,65025,16e
34,34,0,de01fe0180,1,0,0,1,0,65025,16e
35,35,0,de01fe0180,1,0,0,1,0,65025,16e
36,36,0,de01fe0180,1,0,0,1,0,65025,16e
37,37,0,de01fe0180,1,0,0,1,0,65025,16e
38,38,0,de01fe0180,1,0,0,1,0,65025,16e
39,39,0,de01fe0180,1,0,0,1,0,65025,16e
40,40,0,de01fe0180,1,0,0,1,0,65025,16e
41,41,0,de01fe0180,1,0,0,1,0,65025,16e
42,42,0,de01fe0180,1,0,0,1,0,65025,16e
43,43,0,de01fe0180,1,0,0,1,0,65025,16e
44,44,0,de01fe0180,1,0,0,1,0,65025,16e
45,45,0,de01fe0180,1,0,0,1,0,65025,16e
46,46,0,de01fe0180,1,0,0,1,0,65025,16e
47,47,0,de01fe0180,1,0,0,1,0,65025,16e
48,48,0,de01fe0180,1,0,0,1,0,65025,16e
49,49,0,de01fe0180,1,0,0,1,0,65025,16e
50,50,0,de01fe0180,1,0,0,1,0,65025,16e
51,51,0,de01fe0180,1,0,0,1,0,65025,16e
52,52,0,de01fe0180,1,0,0,1,0,65025,16e
53,53,0,de01fe0180,1,0,0,1,0,65025,16e
54,54,0,de01fe0180,1,0,0,1,0,65025,16e
55,55,0,de01fe0180,1,0,0,1,0,65025,16e
56,56,0,de01fe0180,1,0,0,1,0,65025,16e
57,57,0,de01fe0180,1,0,0,1,0,65025,16e
58,58,0,de01fe0180,1,0,0,1,0,65025,16e
59,59,0,de01fe0180,1,0,0,1,0,65025,16e
60,60,0,de01fe0180,1,0,0,1,0,65025,16e
61,61,0,de01fe0180,1,0,0,1,0,65025,16e
62,62,0,de01fe0180,1,0,0,1,0,65025,16e
63,63,0,de01fe0180,1,0,0,1,0,65025,16e
64,64,0,de01fe0180,1,0,0,1,0,65025,16e
65,65,0,de01fe0180,1,0,0,1,0,65025,16e
66,66,0,de01fe0180,1,0,0,1,0,65025,16e
67,67,0,de01fe0180,1,0,0,1,0,65025,16e
68,68,0,de01fe0180,1,0,0,1,0,65025,16e
69,69,0,de01fe0180,1,0,0,1,0,65025,16e
70,70,0,de01fe0180,1,0,0,1,0,65025,16e
71,71,0,de01fe0180,1,0,0,1,0,65025,16e
72,72,0,de01fe0180,1,0,0,1,0,65025,16e
73,73,0,de01fe0180,1,0,0,1,0,65025,16e
74,74,0,de01fe0180,1,0,0,1,0,65025,16e
75,75,0,de01fe0180,1,0,0,1,0,65025,16e
76,76,0,de01fe0180,1,0,0,1,0,65025,16e
77,77,0,de01fe0180,1,0,0,1,0,65025,16e
78,78,0,de01fe0180,1,0,0,1,0,65025,16e
79,79,0,de01fe0180,1,0,0,1,0,65025,16e
80,80,0,de01fe0180,1,0,0,1,0,65025,16e
81,81,0,de01fe0180,1,0,0,1,0,65025,16e
82,82,0,de01fe0180,1,0,0,1,0,65025,16e
83,83,0,de01fe0180,1,0,0,1,0,65025,16e
84,84,0,de01fe0180,1,0,0,1,0,65025,16e
85,85,0,de01fe0180,1,0,0,1,0,65025,16e
86,86,0,de01fe0180,1,0,0,1,0,65025,16e
87,87,0,de01fe0180,1,0,0,1,0,65025,16e
88,88,0,de01fe0180,1,0,0,1,0,65025,16e
89,89,0,de01fe0180,1,0,0,1,0,65025,16e
90,90,0,de01fe0180,1,0,0,1,0,65025,16e
91,91,0,de01fe0180,1,0,0,1,0,65025,16e
92,92,0,de01fe0180,1,0,0,1,0,65025,16e
93,93,0,de01fe0180,1,0,0,1,0,65025,16e
94,94,0,de01fe0180,1,0,0,1,0,65025,16e
95,95,0,de01fe0180,1,0,0,1,0,65025,16e
96,96,0,de01fe0180,1,0,0,1,0,65025,16e
97,97,0,de01fe0180,1,0,0,1,0,65025,16e
98,98,0,de01fe0180,1,0,0,1,0,65025,16e
99,99,0,de01fe0180,1,0,0,1,0,65025,16e
100,100,0,de01fe0180,1,0,0,1,0,65025,16e
101,101,0,de01fe0180,1,0,0,1,0,65025,16e
102,102,0,de01fe0180,1,0,0,1,0,65025,16e
103,103,0,de01fe0180,1,0,0,1,0,65025,16e
104,104,0,de01fe0180,1,0,0,1,0,65025,16e
105,105,0,de01fe0180,1,0,0,1,0,65025,16e
106,106,0,de01fe0180,1,0,0,1,0,65025,16e
107,107,0,de01fe0180,1,0,0,1,0,65025,16e
108,108,0,de01fe0180,1,0,0,1,0,65025,16e
109,109,0,de01fe0180,1,0,0,1,0,65025,16e
110,110,0,de01fe0180,1,0,0,1,0,65025,16e
111,111,0,de01fe0180,1,0,0,1,0,65025,16e
112,112,0,de01fe0180,1,0,0,1,0,65025,16e
113,113,0,de01fe0180,1,0,0,1,0,65025,16e
114,114,0,de01fe0180,1,0,0,1,0,65025,16e
115,115,0,de01fe0180,1,0,0,1,0,65025,16e
116,116,0,de01fe0180,1,0,0,1,0,65025,16e
117,117,0,de01fe0180,1,0,0,1,0,65025,16e
118,118,0,de01fe0180,1,0,0,1,0,65025,16e
119,119,0,de01fe0180,1,0,0,1,0,65025,16e
120,120,0,de01fe0180,1,0,0,1,0,65025,16e
121,121,0,de01fe0180,1,0,0,1,0,65025,16e
122,122,0,de01fe0180,1,0,0,1,0,65025,16e
123,123,0,de01fe0180,1,0,0,1,0,65025,16e
124,124,0,de01fe0180,1,0,0,1,0,65025,16e
125,125,0,de01fe0180,1,0,0,1,0,65025,16e
126,126,0,de01fe0180,1,0,0,1,0,65025,16e
127,127,0,de01fe0180,1,0,0,1,0,65025,16e
128,128,0,de01fe0180,1,0,0,1,0,65025,16e
129,129,0,de01fe0180,1,0,0,1,0,65025,16e
130,130,0,de01fe0180,1,0,0,1,0,65025,16e
131,131,0,de01fe0180,1,0,0,1,0,65025,16e
132,132,0,de01fe0180,1,0,0,1,0,65025,16e
133,133,0,de01fe0180,1,0,0,1,0,65025,16e
134,134,0,de01fe0180,1,0,0,1,0,65025,16e
135,135,0,de01fe0180,1,0,0,1,0,65025,16e
136,136,0,de01fe0180,1,0,0,1,0,65025,16e
137,137,0,de01fe0180,1,0,0,1,0,65025,16e
138,138,0,de01fe0180,1,0,0,1,0,65025,16e
139,139,0,de01fe0180,1,0,0,1,0,65025,16e
140,140,0,de01fe0180,1,0,0,1,0,65025,16e
141,141,0,de01fe0180,1,0,0,1,0,65025,16e
142,142,0,de01fe0180,1,0,0,1,0,65025,16e
143,143,0,de01fe0180,1,0,0,1,0,65025,16e
144,144,0,de01fe0180,1,0,0,1,0,65025,16e
145,145,0,de01fe0180,1,0,0,1,0,65025,16e
146,146,0,de01fe0180,1,0,0,1,0,65025,16e
147,147,0,de01fe0180,1,0,0,1,0,65025,16e
148,148,0,de01fe0180,1,0,0,1,0,65025,16e
149,149,0,de01fe0180,1,0,0,1,0,65025,16e
150,150,0,de01fe0180,1,0,0,1,0,65025,16e
151,151,0,de01fe0180,1,0,0,1,0,65025,16e
152,152,0,de01fe0180,1,0,0,1,0,65025,16e
153,153,0,de01fe0180,1,0,0,1,0,65025,16e
154,154,0,de01fe0180,1,0,0,1,0,65025,16e
155,155,0,de01fe0180,1,0,0,1,0,65025,16e
156,156,0,de01fe0180,1,0,0,1,0,65025,16e
157,157,0,de01fe0180,1,0,0,1,0,65025,16e
158,158,0,de01fe0180,1,0,0,1,0,65025,16e
159,159,0,de01fe0180,1,0,0,1,0,65025,16e
160,160,0,de01fe0180,1,0,0,1,0,65025,16e
161,161,0,de01fe0180,1,0,0,1,0,65025,16e
162,162,0,de01fe0180,1,0,0,1,0,65025,16e
163,163,0,de01fe0180,1,0,0,1,0,65025,16e
164,164,0,de01fe0180,1,0,0,1,0,65025,16e
165,165,0,de01fe0180,1,0,0,1,0,65025,16e
166,166,0,de01fe0180,1,0,0,1,0,65025,16e
167,167,0,de01fe0180,1,0,0,1,0,65025,16e
168,168,0,de01fe0180,1,0,0,1,0,65025,16e
169,169,0,de01fe0180,1,0,0,1,0,65025,16e
170,170,0,de01fe0180,1,0,0,1,0,65025,16e
171,171,0,de01fe0180,1,0,0,1,0,65025,16e
172,172,0,de01fe0180,1,0,0,1,0,65025,16e
173,173,0,de01fe0180,1,0,0,1,0,65025,16e
174,174,0,de01fe0180,1,0,0,1,0,65025,16e
175,175,0,de01fe0180,1,0,0,1,0,65025,16e
176,176,0,de01fe0180,1,0,0,1,0,65025,16e
177,177,0,de01fe0180,1,0,0,1,0,65025,16e
178,178,0,de01fe0180,1,0,0,1,0,65025,16e
179,179,0,de01fe0180,1,0,0,1,0,65025,16e
180,180,0,de01fe0180,1,0,0,1,0,65025,16e
181,181,0,de01fe0180,1,0,0,1,0,65025,16e
182,182,0,de01fe0180,1,0,0,1,0,65025,16e
183,183,0,de01fe0180,1,0,0,1,0,65025,16e
184,184,0,de01fe0180,1,0,0,1,0,65025,16e
185,185,0,de01fe0180,1,0,0,1,0,65025,16e
186,186,0,de01fe0180,1,0,0,1,0,65025,16e
187,187,0,de01fe0180,1,0,0,1,0,65025,16e
188,188,0,de01fe0180,1,0,0,1,0,65025,16e
189,189,0,de01fe0180,1,0,0,1,0,65025,16e
190,190,0,de01fe0180,1,0,0,1,0,65025,16e
191,191,0,de01fe0180,1,0,0,1,0,65025,16e
192,192,0,de01fe0180,1,0,0,1,0,65025,16e
193,193,0,de01fe0180,1,0,0,1,0,65025,16e
194,194,0,de01fe0180,1,0,0,1,0,65025,16e
195,195,0,de01fe0180,1,0,0,1,0,65025,16e
196,196,0,de01fe0180,1,0,0,1,0,65025,16e
197,197,0,de01fe0180,1,0,0,1,0,65025,16e
198,198,0,de01fe0180,1,0,0,1,0,65025,16e
199,199,0,de01fe0180,1,0,0,1,0,65025,16e
200,200,0,de01fe0180,1,0,0,1,0,65025,16e
201,201,0,de01fe0180,1,0,0,1,0,65025,16e
202,202,0,de01fe0180,1,0,0,1,0,65025,16e
203,203,0,de01fe0180,1,0,0,1,0,65025,16e
204,204,0,de01fe0180,1,0,0,1,0,65025,16e
205,205,0,de01fe0180,1,0,0,1,0,65025,16e
206,206,0,de01fe0180,1,0,0,1,0,65025,16e
207,207,0,de01fe0180,1,0,0,1,0,65025,16e
208,208,0,de01fe0180,1,0,0,1,0,65025,16e
209,209,0,de01fe0180,1,0,0,1,0,65025,16e
210,210,0,de01fe0180,1,0,0,1,0,65025,16e
211,211,0,de01fe0180,1,0,0,1,0,65025,16e
212,212,0,de01fe0180,1,0,0,1,0,65025,16e
213,213,0,de01fe0180,1,0,0,1,0,65025,16e
214,214,0,de01fe0180,1,0,0,1,0,65025,16e
215,215,0,de01fe0180,1,0,0,1,0,65025,16e
216,216,0,de01fe0180,1,0,0,1,0,65025,16e
217,217,0,de01fe0180,1,0,0,1,0,65025,16e
218,218,0,de01fe0180,1,0,0,1,0,65025,16e
219,219,0,de01fe0180,1,0,0,1,0,65025,16e
220,220,0,de01fe0180,1,0,0,1,0,65025,16e
221,221,0,de01fe0180,1,0,0,1,0,65025,16e
222,222,0,de01fe0180,1,0,0,1,0,65025,16e
223,223,0,de01fe0180,1,0,0,1,0,65025,16e
224,224,0,de01fe0180,1,0,0,1,0,65025,16e
225,225,0,de01fe0180,1,0,0,1,0,65025,16e
226,226,0,de01fe0180,1,0,0,1,0,65025,16e
227,227,0,de01fe0180,1,0,0,1,0,65025,16e
228,228,0,de01fe0180,1,0,0,1,0,65025,16e
229,229,0,de01fe0180,1,0,0,1,0,65025,16e
230,230,0,de01fe0180,1,0,0,1,0,65025,16e
231,231,0,de01fe0180,1,0,0,1,0,65025,16e
232,232,0,de01fe0180,1,0,0,1,0,65025,16e
233,233,0,de01fe0180,1,0,0,1,0,65025,16e
234,234,0,de01fe0180,1,0,0,1,0,65025,16e
235,235,0,de01fe0180,1,0,0,1,0,65025,16e
236,236,0,de01fe0180,1,0,0,1,0,65025,16e
237,237,0,de01fe0180,1,0,0,1,0,65025,16e
238,238,0,de01fe0180,1,0,0,1,0,65025,16e
239,239,0,de01fe0180,1,0,0,1,0,65025,16e
240,240,0,de01fe0180,1,0,0,1,0,65025,16e
241,241,0,de01fe0180,1,0,0,1,0,65025,16e
242,242,0,de01fe0180,1,0,0,1,0,65025,16e
243,243,0,de01fe0180,1,0,0,1,0,65025,16e
244,244,0,de01fe0180,1,0,0,1,0,65025,16e
245,245,0,de01fe0180,1,0,0,1,0,65025,16e
246,246,0,de01fe0180,1,0,0,1,0,65025,16e
247,247,0,de01fe0180,1,0,0,1,0,65025,16e
248,248,0,de01fe0180,1,0,0,1,0,65025,16e
249,249,0,de01fe0180,1,0,0,1,0,65025,16e
250,250,0,de01fe0180,1,0,0,1,0,65025,16e
251,251,0,de01fe0180,1,0,0,1,0,65025,16e
252,252,0,de01fe0180,1,0,0,1,0,65025,16e
253,253,0,de01fe0180,1,0,0,1,0,65025,16e
254,254,0,de01fe0180,1,0,0,1,0,65025,16e
255,255,0,de01fe0180,1,0,0,1,0,65025,16e
256,256,0,de01fe0180,1,0,0,1,0,65025,16e
257,257,0,de01fe0180,1,0,0,1,0,65025,16e
258,258,0,de01fe0180,1,0,0,1,0,65025,16e
259,259,0,de01fe0180,1,0,0,1,0,65025,16e
260,260,0,de01fe0180,1,0,0,1,0,65025,16e
261,261,0,de01fe0180,1,0,0,1,0,65025,16e
262,262,0,de01fe0180,1,0,0,1,0,65025,16e
263,263,0,de01fe0180,1,0,0,1,0,65025,16e
264,264,0,de01fe0180,1,0,0,1,0,65025,16e
265,265,0,de01fe0180,1,0,0,1,0,65025,16e
266,266,0,de01fe0180,1,0,0,1,0,65025,16e
267,267,0,de01fe0180,1,0,0,1,0,65025,16e
268,268,0,de01fe0180,1,0,0,1,0,65025,16e
269,269,0,de01fe0180,1,0,0,1,0,65025,16e
270,270,0,de01fe0180,1,0,0,1,0,65025,16e
271,271,0,de01fe0180,1,0,0,1,0,65025,16e
272,272,0,de01fe0180,1,0,0,1,0,65025,16e
273,273,0,de01fe0180,1,0,0,1,0,65025,16e
274,274,0,de01fe0180,1,0,0,1,0,65025,16e
275,275,0,de01fe0180,1,0,0,1,0,65025,16e
276,276,0,de01fe0180,1,0,0,1,0,65025,16e
277,277,0,de01fe0180,1,0,0,1,0,65025,16e
278,278,0,de01fe0180,1,0,0,1,0,65025,16e
279,279,0,de01fe0180,1,0,0,1,0,65025,16e
280,280,0,de01fe0180,1,0,0,1,0,65025,16e
281,281,0,de01fe0180,1,0,0,1,0,65025,16e
282,282,0,de01fe0180,1,0,0,1,0,65025,16e
283,283,0,de01fe0180,1,0,0,1,0,65025,16e
284,284,0,de01fe0180,1,0,0,1,0,65025,16e
285,285,0,de01fe0180,1,0,0,1,0,65025,16e
286,286,0,de01fe0180,1,0,0,1,0,65025,16e
287,287,0,de01fe0180,1,0,0,1,0,65025,16e
288,288,0,de01fe0180,1,0,0,1,0,65025,16e
289,289,0,de01fe0180,1,0,0,1,0,65025,16e
290,290,0,de01fe0180,1,0,0,1,0,65025,16e
291,291,0,de01fe0180,1,0,0,1,0,65025,16e
292,292,0,de01fe0180,1,0,0,1,0,65025,16e
293,293,0,de01fe0180,1,0,0,1,0,65025,16e
294,294,0,de01fe0180,1,0,0,1,0,65025,16e
295,295,0,de01fe0180,1,0,0,1,0,65025,16e
296,296,0,de01fe0180,1,0,0,1,0,65025,16e
297,297,0,de01fe0180,1,0,0,1,0,65025,16e
298,298,0,de01fe0180,1,0,0,1,0,65025,16e
299,299,0,de01fe0180,1,0,0,1,0,65025,16e
300,300,0,de01fe0180,1,0,0,1,0,65025,16e
301,301,0,de01fe0180,1,0,0,1,0,65025,16e
302,302,0,de01fe0180,1,0,0,1,0,65025,16e
303,303,0,de01fe0180,1,0,0,1,0,65025,16e
304,304,0,de01fe0180,1,0,0,1,0,65025,16e
305,305,0,de01fe0180,1,0,0,1,0,65025,16e
306,306,0,de01fe0180,1,0,0,1,0,65025,16e
307,307,0,de01fe0180,1,0,0,1,0,65025,16e
308,308,0,de01fe0180,1,0,0,1,0,65025,16e
309,309,0,de01fe0180,1,0,0,1,0,65025,16e
310,310,0,de01fe0180,1,0,0,1,0,65025,16e
311,311,0,de01fe0180,1,0,0,1,0,65025,16e
312,312,0,de01fe0180,1,0,0,1,0,65025,16e
313,313,0,de01fe0180,1,0,0,1,0,65025,16e
314,314,0,de01fe0180,1,0,0,1,0,65025,16e
315,315,0,de01fe0180,1,0,0,1,0,65025,16e
316,316,0,de01fe0180,1,0,0,1,0,65025,16e
317,317,0,de01fe0180,1,0,0,1,0,65025,16e
318,318,0,de01fe0180,1,0,0,1,0,65025,16e
319,319,0,de01fe0180,1,0,0,1,0,65025,16e
320,320,0,de01fe0180,1,0,0,1,0,65025,16e
321,321,0,de01fe0180,1,0,0,1,0,65025,16e
322,322,0,de01fe0180,1,0,0,1,0,65025,16e
323,323,0,de01fe0180,1,0,0,1,0,65025,16e
324,324,0,de01fe0180,1,0,0,1,0,65025,16e
325,325,0,de01fe0180,1,0,0,1,0,65025,16e
326,326,0,de01fe0180,1,0,0,1,0,65025,16e
327,327,0,de01fe0180,1,0,0,1,0,65025,16e
328,328,0,de01fe0180,1,0,0,1,0,65025,16e
329,329,0,de01fe0180,1,0,0,1,0,65025,16e
330,330,0,de01fe0180,1,0,0,1,0,65025,16e
331,331,0,de01fe0180,1,0,0,1,0,65025,16e
332,332,0,de01fe0180,1,0,0,1,0,65025,16e
333,333,0,de01fe0180,1,0,0,1,0,65025,16e
334,334,0,de01fe0180,1,0,0,1,0,65025,16e
335,335,0,de01fe0180,1,0,0,1,0,65025,16e
336,336,0,de01fe0180,1,0,0,1,0,65025,16e
337,337,0,de01fe0180,1,0,0,1,0,65025,16e
338,338,0,de01fe0180,1,0,0,1,0,65025,16e
339,339,0,de01fe0180,1,0,0,1,0,65025,16e
340,340,0,de01fe0180,1,0,0,1,0,65025,16e
341,341,0,de01fe0180,1,0,0,1,0,65025,16e
342,342,0,de01fe0180,1,0,0,1,0,65025,16e
343,343,0,de01fe0180,1,0,0,1,0,65025,16e
344,344,0,de01fe0180,1,0,0,1,0,65025,16e
345,345,0,de01fe0180,1,0,0,1,0,65025,16e
346,346,0,de01fe0180,1,0,0,1,0,65025,16e
347,347,0,de01fe0180,1,0,0,1,0,65025,16e
348,348,0,de01fe0180,1,0,0,1,0,65025,16e
349,349,0,de01fe0180,1,0,0,1,0,65025,16e
350,350,0,de01fe0180,1,0,0,1,0,65025,16e
351,351,0,de01fe0180,1,0,0,1,0,65025,16e
352,352,0,de01fe0180,1,0,0,1,0,65025,16e
353,353,0,de01fe0180,1,0,0,1,0,65025,16e
354,354,0,de01fe0180,1,0,0,1,0,65025,16e
355,355,0,de01fe0180,1,0,0,1,0,65025,16e
356,356,0,de01fe0180,1,0,0,1,0,65025,16e
357,357,0,de01fe0180,1,0,0,1,0,65025,16e
358,358,0,de01fe0180,1,0,0,1,0,65025,16e
359,359,0,de01fe0180,1,0,0,1,0,65025,16e
360,360,0,de01fe0180,1,0,0,1,0,65025,16e
361,361,0,de01fe0180,1,0,0,1,0,65025,16e
362,362,0,de01fe0180,1,0,0,1,0,65025,16e
363,363,0,de01fe0180,1,0,0,1,0,65025,16e
364,364,0,de01fe0180,1,0,0,1,0,65025,16e
365,365,0,de01fe0180,1,0,0,1,0,65025,16e
366,366,0,de01fe0180,1,0,0,1,0,65025,16e
367,367,0,de01fe0180,1,0,0,1,0,65025,16e
368,368,0,de01fe0180,1,0,0,1,0,65025,16e
369,369,0,de01fe0180,1,0,0,1,0,65025,16e
370,370,0,de01fe0180,1,0,0,1,0,65025,16e
371,371,0,de01fe0180,1,0,0,1,0,65025,16e
372,372,0,de01fe0180,1,0,0,1,0,65025,16e
373,373,0,de01fe0180,1,0,0,1,0,65025,16e
374,374,0,de01fe0180,1,0,0,1,0,65025,16e
375,375,0,de01fe0180,1,0,0,1,0,65025,16e
376,376,0,de01fe0180,1,0,0,1,0,65025,16e
377,377,0,de01fe0180,1,0,0,1,0,65025,16e
378,378,0,de01fe0180,1,0,0,1,0,65025,16e
379,379,0,de01fe0180,1,0,0,1,0,65025,16e
380,380,0,de01fe0180,1,0,0,1,0,65025,16e
381,381,0,de01fe0180,1,0,0,1,0,65025,16e
382,382,0,de01fe0180,1,0,0,1,0,65025,16e
383,383,0,de01fe0180,1,0,0,1,0,65025,16e
384,384,0,de01fe0180,1,0,0,1,0,65025,16e
385,385,0,de01fe0180,1,0,0,1,0,65025,16e
386,386,0,de01fe0180,1,0,0,1,0,65025,16e
387,387,0,de01fe0180,1,0,0,1,0,65025,16e
388,388,0,de01fe0180,1,0,0,1,0,65025,16e
389,389,0,de01fe0180,1,0,0,1,0,65025,16e
390,390,0,de01fe0180,1,0,0,1,0,65025,16e
391,391,0,de01fe0180,1,0,0,1,0,65025,16e
392,392,0,de01fe0180,1,0,0,1,0,65025,16e
393,393,0,de01fe0180,1,0,0,1,0,65025,16e
394,394,0,de01fe0180,1,0,0,1,0,65025,16e
395,395,0,de01fe0180,1,0,0,1,0,65025,16e
396,396,0,de01fe0180,1,0,0,1,0,65025,16e
397,397,0,de01fe0180,1,0,0,1,0,65025,16e
398,398,0,de01fe0180,1,0,0,1,0,65025,16e
399,399,0,de01fe0180,1,0,0,1,0,65025,16e
400,400,0,de01fe0180,1,0,0,1,0,65025,16e
401,401,0,de01fe0180,1,0,0,1,0,65025,16e
402,402,0,de01fe0180,1,0,0,1,0,65025,16e
403,403,0,de01fe0180,1,0,0,1,0,65025,16e
404,404,0,de01fe0180,1,0,0,1,0,65025,16e
405,405,0,de01fe0180,1,0,0,1,0,65025,16e
406,406,0,de01fe0180,1,0,0,1,0,65025,16e
407,407,0,de01fe0180,1,0,0,1,0,65025,16e
408,408,0,de01fe0180,1,0,0,1,0,65025,16e
409,409,0,de01fe0180,1,0,0,1,0,65025,16e
410,410,0,de01fe0180,1,0,0,1,0,65025,16e
411,411,0,de01fe0180,1,0,0,1,0,65025,16e
412,412,0,de01fe0180,1,0,0,1,0,65025,16e
413,413,0,de01fe0180,1,0,0,1,0,65025,16e
414,414,0,de01fe0180,1,0,0,1,0,65025,16e
415,415,0,de01fe0180,1,0,0,1,0,65025,16e
416,416,0,de01fe0180,1,0,0,1,0,65025,16e
417,417,0,de01fe0180,1,0,0,1,0,65025,16e
418,418,0,de01fe0180,1,0,0,1,0,65025,16e
419,419,0,de01fe0180,1,0,0,1,0,65025,16e
420,420,0,de01fe0180,1,0,0,1,0,65025,16e
421,421,0,de01fe0180,1,0,0,1,0,65025,16e
422,422,0,de01fe0180,1,0,0,1,0,65025,16e
423,423,0,de01fe0180,1,0,0,1,0,65025,16e
424,424,0,de01fe0180,1,0,0,1,0,65025,16e
425,425,0,de01fe0180,1,0,0,1,0,65025,16e
426,426,0,de01fe0180,1,0,0,1,0,65025,16e
427,427,0,de01fe0180,1,0,0,1,0,65025,16e
428,428,0,de01fe0180,1,0,0,1,0,65025,16e
429,429,0,de01fe0180,1,0,0,1,0,65025,16e
430,430,0,de01fe0180,1,0,0,1,0,65025,16e
431,431,0,de01fe0180,1,0,0,1,0,65025,16e
432,432,0,de01fe0180,1,0,0,1,0,65025,16e
433,433,0,de01fe0180,1,0,0,1,0,65025,16e
434,434,0,de01fe0180,1,0,0,1,0,65025,16e
435,435,0,de01fe0180,1,0,0,1,0,65025,16e
436,436,0,de01fe0180,1,0,0,1,0,65025,16e
437,437,0,de01fe0180,1,0,0,1,0,65025,16e
438,438,0,de01fe0180,1,0,0,1,0,65025,16e
439,439,0,de01fe0180,1,0,0,1,0,65025,16e
440,440,0,de01fe0180,1,0,0,1,0,65025,16e
441,441,0,de01fe0180,1,0,0,1,0,65025,16e
442,442,0,de01fe0180,1,0,0,1,0,65025,16e
443,443,0,de01fe0180,1,0,0,1,0,65025,16e
444,444,0,de01fe0180,1,0,0,1,0,65025,16e
445,445,0,de01fe0180,1,0,0,1,0,65025,16e
446,446,0,de01fe0180,1,0,0,1,0,65025,16e
447,447,0,de01fe0180,1,0,0,1,0,65025,16e
448,448,0,de01fe0180,1,0,0,1,0,65025,16e
449,449,0,de01fe0180,1,0,0,1,0,65025,16e
450,450,0,de01fe0180,1,0,0,1,0,65025,16e
451,451,0,de01fe0180,1,0,0,1,0,65025,16e
452,452,0,de01fe0180,1,0,0,1,0,65025,16e
453,453,0,de01fe0180,1,0,0,1,0,65025,16e
454,454,0,de01fe0180,1,0,0,1,0,65025,16e
455,455,0,de01fe0180,1,0,0,1,0,65025,16e
456,456,0,de01fe0180,1,0,0,1,0,65025,16e
457,457,0,de01fe0180,1,0,0,1,0,65025,16e
458,458,0,de01fe0180,1,0,0,1,0,65025,16e
459,459,0,de01fe0180,1,0,0,1,0,65025,16e
460,460,0,de01fe0180,1,0,0,1,0,65025,16e
461,461,0,de01fe0180,1,0,0,1,0,65025,16e
462,462,0,de01fe0180,1,0,0,1,0,65025,16e
463,463,0,de01fe0180,1,0,0,1,0,65025,16e
464,464,0,de01fe0180,1,0,0,1,0,65025,16e
465,465,0,de01fe0180,1,0,0,1,0,65025,16e
466,466,0,de01fe0180,1,0,0,1,0,65025,16e
467,467,0,de01fe0180,1,0,0,1,0,65025,16e
468,468,0,de01fe0180,1,0,0,1,0,65025,16e
469,469,0,de01fe0180,1,0,0,1,0,65025,16e
470,470,0,de01fe0180,1,0,0,1,0,65025,16e
471,471,0,de01fe0180,1,0,0,1,0,65025,16e
472,472,0,de01fe0180,1,0,0,1,0,65025,16e
473,473,0,de01fe0180,1,0,0,1,0,65025,16e
474,474,0,de01fe0180,1,0,0,1,0,65025,16e
475,475,0,de01fe0180,1,0,0,1,0,65025,16e
476,476,0,de01fe0180,1,0,0,1,0,65025,16e
477,477,0,de01fe0180,1,0,0,1,0,65025,16e
478,478,0,de01fe0180,1,0,0,1,0,65025,16e
479,479,0,de01fe0180,1,0,0,1,0,65025,16e
480,480,0,de01fe0180,1,0,0,1,0,65025,16e
481,481,0,de01fe0180,1,0,0,1,0,65025,16e
482,482,0,de01fe0180,1,0,0,1,0,65025,16e
483,483,0,de01fe0180,1,0,0,1,0,65025,16e
484,484,0,de01fe0180,1,0,0,1,0,65025,16e
485,485,0,de01fe0180,1,0,0,1,0,65025,16e
486,486,0,de01fe0180,1,0,0,1,0,65025,16e
487,487,0,de01fe0180,1,0,0,1,0,65025,16e
488,488,0,de01fe0180,1,0,0,1,0,65025,16e
489,489,0,de01fe0180,1,0,0,1,0,65025,16e
490,490,0,de01fe0180,1,0,0,1,0,65025,16e
491,491,0,de01fe0180,1,0,0,1,0,65025,16e
492,492,0,de01fe0180,1,0,0,1,0,65025,16e
493,493,0,de01fe0180,1,0,0,1,0,65025,16e
494,494,0,de01fe0180,1,0,0,1,0,65025,16e
495,495,0,de01fe0180,1,0,0,1,0,65025,16e
496,496,0,de01fe0180,1,0,0,1,0,65025,16e
497,497,0,de01fe0180,1,0,0,1,0,65025,16e
498,498,0,de01fe0180,1,0,0,1,0,65025,16e
499,499,0,de01fe0180,1,0,0,1,0,65025,16e
500,500,0,de01fe0180,1,0,0,1,0,65025,16e
501,501,0,de01fe0180,1,0,0,1,0,65025,16e
502,502,0,de01fe0180,1,0,0,1,0,65025,16e
503,503,0,de01fe0180,1,0,0,1,0,65025,16e
504,504,0,de01fe0180,1,0,0,1,0,65025,16e
505,505,0,de01fe0180,1,0,0,1,0,65025,16e
506,506,0,de01fe0180,1,0,0,1,0,65025,16e
507,507,0,de01fe0180,1,0,0,1,0,65025,16e
508,508,0,de01fe0180,1,0,0,1,0,65025,16e
509,509,0,de01fe0180,1,0,0,1,0,65025,16e
510,510,0,de01fe0180,1,0,0,1,0,65025,16e
511,511,0,de01fe0180,1,0,0,1,0,65025,16e
512,512,1,de01fe0180,1,0,0,1,1,65025,16e
513,513,0,de01fe0180,1,0,0,1,1,65025,16e
514,514,0,de01fe0180,1,0,0,1,0,65025,16f
515,515,0,de01fe0180,1,0,0,1,0,65025,170
516,516,0,de01fe0180,1,0,0,1,0,65025,170
517,517,0,de01fe0180,1,0,0,1,0,65025,170
518,518,0,de01fe0180,1,0,0,1,0,65025,170
519,519,0,de01fe0180,1,0,0,1,0,65025,170
520,520,0,de01fe0180,1,0,0,1,0,65025,170
521,521,0,de01fe0180,1,0,0,1,0,65025,170
522,522,0,de01fe0180,1,0,0,1,0,65025,170
523,523,0,de01fe0180,1,0,0,1,0,65025,170
524,524,0,de01fe0180,1,0,0,1,0,65025,170
525,525,0,de01fe0180,1,0,0,1,0,65025,170
526,526,0,de01fe0180,1,0,0,1,0,65025,170
527,527,0,de01fe0180,1,0,0,1,0,65025,170
528,528,0,de01fe0180,1,0,0,1,0,65025,170
529,529,0,de01fe0180,1,0,0,1,0,65025,170
530,530,0,de01fe0180,1,0,0,1,0,65025,170
531,531,0,de01fe0180,1,0,0,1,0,65025,170
532,532,0,de01fe0180,1,0,0,1,0,65025,170
533,533,0,de01fe0180,1,0,0,1,0,65025,170
534,534,0,de01fe0180,1,0,0,1,0,65025,170
535,535,0,de01fe0180,1,0,0,1,0,65025,170
536,536,0,de01fe0180,1,0,0,1,0,65025,170
537,537,0,de01fe0180,1,0,0,1,0,65025,170
538,538,0,de01fe0180,1,0,0,1,0,65025,170
539,539,0,de01fe0180,1,0,0,1,0,65025,170
540,540,0,de01fe0180,1,0,0,1,0,65025,170
541,541,0,de01fe0180,1,0,0,1,0,65025,170
542,542,0,de01fe0180,1,0,0,1,0,65025,170
543,543,0,de01fe0180,1,0,0,1,0,65025,170
544,544,0,de01fe0180,1,0,0,1,0,65025,170
545,545,0,de01fe0180,1,0,0,1,0,65025,170
546,546,0,de01fe0180,1,0,0,1,0,65025,170
547,547,0,de01fe0180,1,0,0,1,0,65025,170
548,548,0,de01fe0180,1,0,0,1,0,65025,170
549,549,0,de01fe0180,1,0,0,1,0,65025,170
550,550,0,de01fe0180,1,0,0,1,0,65025,170
551,551,0,de01fe0180,1,0,0,1,0,65025,170
552,552,0,de01fe0180,1,0,0,1,0,65025,170
553,553,0,de01fe0180,1,0,0,1,0,65025,170
554,554,0,de01fe0180,1,0,0,1,0,65025,170
555,555,0,de01fe0180,1,0,0,1,0,65025,170
556,556,0,de01fe0180,1,0,0,1,0,65025,170
557,557,0,de01fe0180,1,0,0,1,0,65025,170
558,558,0,de01fe0180,1,0,0,1,0,65025,170
559,559,0,de01fe0180,1,0,0,1,0,65025,170
560,560,0,de01fe0180,1,0,0,1,0,65025,170
561,561,0,de01fe0180,1,0,0,1,0,65025,170
562,562,0,de01fe0180,1,0,0,1,0,65025,170
563,563,0,de01fe0180,1,0,0,1,0,65025,170
564,564,0,de01fe0180,1,0,0,1,0,65025,170
565,565,0,de01fe0180,1,0,0,1,0,65025,170
566,566,0,de01fe0180,1,0,0,1,0,65025,170
567,567,0,de01fe0180,1,0,0,1,0,65025,170
568,568,0,de01fe0180,1,0,0,1,0,65025,170
569,569,0,de01fe0180,1,0,0,1,0,65025,170
570,570,0,de01fe0180,1,0,0,1,0,65025,170
571,571,0,de01fe0180,1,0,0,1,0,65025,170
572,572,0,de01fe0180,1,0,0,1,0,65025,170
573,573,0,de01fe0180,1,0,0,1,0,65025,170
574,574,0,de01fe0180,1,0,0,1,0,65025,170
575,575,0,de01fe0180,1,0,0,1,0,65025,170
576,576,0,de01fe0180,1,0,0,1,0,65025,170
577,577,0,de01fe0180,1,0,0,1,0,65025,170
578,578,0,de01fe0180,1,0,0,1,0,65025,170
579,579,0,de01fe0180,1,0,0,1,0,65025,170
580,580,0,de01fe0180,1,0,0,1,0,65025,170
581,581,0,de01fe0180,1,0,0,1,0,65025,170
582,582,0,de01fe0180,1,0,0,1,0,65025,170
583,583,0,de01fe0180,1,0,0,1,0,65025,170
584,584,0,de01fe0180,1,0,0,1,0,65025,170
585,585,0,de01fe0180,1,0,0,1,0,65025,170
586,586,0,de01fe0180,1,0,0,1,0,65025,170
587,587,0,de01fe0180,1,0,0,1,0,65025,170
588,588,0,de01fe0180,1,0,0,1,0,65025,170
589,589,0,de01fe0180,1,0,0,1,0,65025,170
590,590,0,de01fe0180,1,0,0,1,0,65025,170
591,591,0,de01fe0180,1,0,0,1,0,65025,170
592,592,0,de01fe0180,1,0,0,1,0,65025,170
593,593,0,de01fe0180,1,0,0,1,0,65025,170
594,594,0,de01fe0180,1,0,0,1,0,65025,170
595,595,0,de01fe0180,1,0,0,1,0,65025,170
596,596,0,de01fe0180,1,0,0,1,0,65025,170
597,597,0,de01fe0180,1,0,0,1,0,65025,170
598,598,0,de01fe0180,1,0,0,1,0,65025,170
599,599,0,de01fe0180,1,0,0,1,0,65025,170
600,600,0,de01fe0180,1,0,0,1,0,65025,170
601,601,0,de01fe0180,1,0,0,1,0,65025,170
602,602,0,de01fe0180,1,0,0,1,0,65025,170
603,603,0,de01fe0180,1,0,0,1,0,65025,170
604,604,0,de01fe0180,1,0,0,1,0,65025,170
605,605,0,de01fe0180,1,0,0,1,0,65025,170
606,606,0,de01fe0180,1,0,0,1,0,65025,170
607,607,0,de01fe0180,1,0,0,1,0,65025,170
608,608,0,de01fe0180,1,0,0,1,0,65025,170
609,609,0,de01fe0180,1,0,0,1,0,65025,170
610,610,0,de01fe0180,1,0,0,1,0,65025,170
611,611,0,de01fe0180,1,0,0,1,0,65025,170
612,612,0,de01fe0180,1,0,0,1,0,65025,170
613,613,0,de01fe0180,1,0,0,1,0,65025,170
614,614,0,de01fe0180,1,0,0,1,0,65025,170
615,615,0,de01fe0180,1,0,0,1,0,65025,170
616,616,0,de01fe0180,1,0,0,1,0,65025,170
617,617,0,de01fe0180,1,0,0,1,0,65025,170
618,618,0,de01fe0180,1,0,0,1,0,65025,170
619,619,0,de01fe0180,1,0,0,1,0,65025,170
620,620,0,de01fe0180,1,0,0,1,0,65025,170
621,621,0,de01fe0180,1,0,0,1,0,65025,170
622,622,0,de01fe0180,1,0,0,1,0,65025,170
623,623,0,de01fe0180,1,0,0,1,0,65025,170
624,624,0,de01fe0180,1,0,0,1,0,65025,170
625,625,0,de01fe0180,1,0,0,1,0,65025,170
626,626,0,de01fe0180,1,0,0,1,0,65025,170
627,627,0,de01fe0180,1,0,0,1,0,65025,170
628,628,0,de01fe0180,1,0,0,1,0,65025,170
629,629,0,de01fe0180,1,0,0,1,0,65025,170
630,630,0,de01fe0180,1,0,0,1,0,65025,170
631,631,0,de01fe0180,1,0,0,1,0,65025,170
632,632,0,de01fe0180,1,0,0,1,0,65025,170
633,633,0,de01fe0180,1,0,0,1,0,65025,170
634,634,0,de01fe0180,1,0,0,1,0,65025,170
635,635,0,de01fe0180,1,0,0,1,0,65025,170
636,636,0,de01fe0180,1,0,0,1,0,65025,170
637,637,0,de01fe0180,1,0,0,1,0,65025,170
638,638,0,de01fe0180,1,0,0,1,0,65025,170
639,639,0,de01fe0180,1,0,0,1,0,65025,170
640,640,0,de01fe0180,1,0,0,1,0,65025,170
641,641,0,de01fe0180,1,0,0,1,0,65025,170
642,642,0,de01fe0180,1,0,0,1,0,65025,170
643,643,0,de01fe0180,1,0,0,1,0,65025,170
644,644,0,de01fe0180,1,0,0,1,0,65025,170
645,645,0,de01fe0180,1,0,0,1,0,65025,170
646,646,0,de01fe0180,1,0,0,1,0,65025,170
647,647,0,de01fe0180,1,0,0,1,0,65025,170
648,648,0,de01fe0180,1,0,0,1,0,65025,170
649,649,0,de01fe0180,1,0,0,1,0,65025,170
650,650,0,de01fe0180,1,0,0,1,0,65025,170
651,651,0,de01fe0180,1,0,0,1,0,65025,170
652,652,0,de01fe0180,1,0,0,1,0,65025,170
653,653,0,de01fe0180,1,0,0,1,0,65025,170
654,654,0,de01fe0180,1,0,0,1,0,65025,170
655,655,0,de01fe0180,1,0,0,1,0,65025,170
656,656,0,de01fe0180,1,0,0,1,0,65025,170
657,657,0,de01fe0180,1,0,0,1,0,65025,170
658,658,0,de01fe0180,1,0,0,1,0,65025,170
659,659,0,de01fe0180,1,0,0,1,0,65025,170
660,660,0,de01fe0180,1,0,0,1,0,65025,170
661,661,0,de01fe0180,1,0,0,1,0,65025,170
662,662,0,de01fe0180,1,0,0,1,0,65025,170
663,663,0,de01fe0180,1,0,0,1,0,65025,170
664,664,0,de01fe0180,1,0,0,1,0,65025,170
665,665,0,de01fe0180,1,0,0,1,0,65025,170
666,666,0,de01fe0180,1,0,0,1,0,65025,170
667,667,0,de01fe0180,1,0,0,1,0,65025,170
668,668,0,de01fe0180,1,0,0,1,0,65025,170
669,669,0,de01fe0180,1,0,0,1,0,65025,170
670,670,0,de01fe0180,1,0,0,1,0,65025,170
671,671,0,de01fe0180,1,0,0,1,0,65025,170
672,672,0,de01fe0180,1,0,0,1,0,65025,170
673,673,0,de01fe0180,1,0,0,1,0,65025,170
674,674,0,de01fe0180,1,0,0,1,0,65025,170
675,675,0,de01fe0180,1,0,0,1,0,65025,170
676,676,0,de01fe0180,1,0,0,1,0,65025,170
677,677,0,de01fe0180,1,0,0,1,0,65025,170
678,678,0,de01fe0180,1,0,0,1,0,65025,170
679,679,0,de01fe0180,1,0,0,1,0,65025,170
680,680,0,de01fe0180,1,0,0,1,0,65025,170
681,681,0,de01fe0180,1,0,0,1,0,65025,170
682,682,0,de01fe0180,1,0,0,1,0,65025,170
683,683,0,de01fe0180,1,0,0,1,0,65025,170
684,684,0,de01fe0180,1,0,0,1,0,65025,170
685,685,0,de01fe0180,1,0,0,1,0,65025,170
686,686,0,de01fe0180,1,0,0,1,0,65025,170
687,687,0,de01fe0180,1,0,0,1,0,65025,170
688,688,0,de01fe0180,1,0,0,1,0,65025,170
689,689,0,de01fe0180,1,0,0,1,0,65025,170
690,690,0,de01fe0180,1,0,0,1,0,65025,170
691,691,0,de01fe0180,1,0,0,1,0,65025,170
692,692,0,de01fe0180,1,0,0,1,0,65025,170
693,693,0,de01fe0180,1,0,0,1,0,65025,170
694,694,0,de01fe0180,1,0,0,1,0,65025,170
695,695,0,de01fe0180,1,0,0,1,0,65025,170
696,696,0,de01fe0180,1,0,0,1,0,65025,170
697,697,0,de01fe0180,1,0,0,1,0,65025,170
698,698,0,de01fe0180,1,0,0,1,0,65025,170
699,699,0,de01fe0180,1,0,0,1,0,65025,170
700,700,0,de01fe0180,1,0,0,1,0,65025,170
701,701,0,de01fe0180,1,0,0,1,0,65025,170
702,702,0,de01fe0180,1,0,0,1,0,65025,170
703,703,0,de01fe0180,1,0,0,1,0,65025,170
704,704,0,de01fe0180,1,0,0,1,0,65025,170
705,705,0,de01fe0180,1,0,0,1,0,65025,170
706,706,0,de01fe0180,1,0,0,1,0,65025,170
707,707,0,de01fe0180,1,0,0,1,0,65025,170
708,708,0,de01fe0180,1,0,0,1,0,65025,170
709,709,0,de01fe0180,1,0,0,1,0,65025,170
710,710,0,de01fe0180,1,0,0,1,0,65025,170
711,711,0,de01fe0180,1,0,0,1,0,65025,170
712,712,0,de01fe0180,1,0,0,1,0,65025,170
713,713,0,de01fe0180,1,0,0,1,0,65025,170
714,714,0,de01fe0180,1,0,0,1,0,65025,170
715,715,0,de01fe0180,1,0,0,1,0,65025,170
716,716,0,de01fe0180,1,0,0,1,0,65025,170
717,717,0,de01fe0180,1,0,0,1,0,65025,170
718,718,0,de01fe0180,1,0,0,1,0,65025,170
719,719,0,de01fe0180,1,0,0,1,0,65025,170
720,720,0,de01fe0180,1,0,0,1,0,65025,170
721,721,0,de01fe0180,1,0,0,1,0,65025,170
722,722,0,de01fe0180,1,0,0,1,0,65025,170
723,723,0,de01fe0180,1,0,0,1,0,65025,170
724,724,0,de01fe0180,1,0,0,1,0,65025,170
725,725,0,de01fe0180,1,0,0,1,0,65025,170
726,726,0,de01fe0180,1,0,0,1,0,65025,170
727,727,0,de01fe0180,1,0,0,1,0,65025,170
728,728,0,de01fe0180,1,0,0,1,0,65025,170
729,729,0,de01fe0180,1,0,0,1,0,65025,170
730,730,0,de01fe0180,1,0,0,1,0,65025,170
731,731,0,de01fe0180,1,0,0,1,0,65025,170
732,732,0,de01fe0180,1,0,0,1,0,65025,170
733,733,0,de01fe0180,1,0,0,1,0,65025,170
734,734,0,de01fe0180,1,0,0,1,0,65025,170
735,735,0,de01fe0180,1,0,0,1,0,65025,170
736,736,0,de01fe0180,1,0,0,1,0,65025,170
737,737,0,de01fe0180,1,0,0,1,0,65025,170
738,738,0,de01fe0180,1,0,0,1,0,65025,170
739,739,0,de01fe0180,1,0,0,1,0,65025,170
740,740,0,de01fe0180,1,0,0,1,0,65025,170
741,741,0,de01fe0180,1,0,0,1,0,65025,170
742,742,0,de01fe0180,1,0,0,1,0,65025,170
743,743,0,de01fe0180,1,0,0,1,0,65025,170
744,744,0,de01fe0180,1,0,0,1,0,65025,170
745,745,0,de01fe0180,1,0,0,1,0,65025,170
746,746,0,de01fe0180,1,0,0,1,0,65025,170
747,747,0,de01fe0180,1,0,0,1,0,65025,170
748,748,0,de01fe0180,1,0,0,1,0,65025,170
749,749,0,de01fe0180,1,0,0,1,0,65025,170
750,750,0,de01fe0180,1,0,0,1,0,65025,170
751,751,0,de01fe0180,1,0,0,1,0,65025,170
752,752,0,de01fe0180,1,0,0,1,0,65025,170
753,753,0,de01fe0180,1,0,0,1,0,65025,170
754,754,0,de01fe0180,1,0,0,1,0,65025,170
755,755,0,de01fe0180,1,0,0,1,0,65025,170
756,756,0,de01fe0180,1,0,0,1,0,65025,170
757,757,0,de01fe0180,1,0,0,1,0,65025,170
758,758,0,de01fe0180,1,0,0,1,0,65025,170
759,759,0,de01fe0180,1,0,0,1,0,65025,170
760,760,0,de01fe0180,1,0,0,1,0,65025,170
761,761,0,de01fe0180,1,0,0,1,0,65025,170
762,762,0,de01fe0180,1,0,0,1,0,65025,170
763,763,0,de01fe0180,1,0,0,1,0,65025,170
764,764,0,de01fe0180,1,0,0,1,0,65025,170
765,765,0,de01fe0180,1,0,0,1,0,65025,170
766,766,0,de01fe0180,1,0,0,1,0,65025,170
767,767,0,de01fe0180,1,0,0,1,0,65025,170
768,768,0,de01fe0180,1,0,0,1,0,65025,170
769,769,0,de01fe0180,1,0,0,1,0,65025,170
770,770,0,de01fe0180,1,0,0,1,0,65025,170
771,771,0,de01fe0180,1,0,0,1,0,65025,170
772,772,0,de01fe0180,1,0,0,1,0,65025,170
773,773,0,de01fe0180,1,0,0,1,0,65025,170
774,774,0,de01fe0180,1,0,0,1,0,65025,170
775,775,0,de01fe0180,1,0,0,1,0,65025,170
776,776,0,de01fe0180,1,0,0,1,0,65025,170
777,777,0,de01fe0180,1,0,0,1,0,65025,170
778,778,0,de01fe0180,1,0,0,1,0,65025,170
779,779,0,de01fe0180,1,0,0,1,0,65025,170
780,780,0,de01fe0180,1,0,0,1,0,65025,170
781,781,0,de01fe0180,1,0,0,1,0,65025,170
782,782,0,de01fe0180,1,0,0,1,0,65025,170
783,783,0,de01fe0180,1,0,0,1,0,65025,170
784,784,0,de01fe0180,1,0,0,1,0,65025,170
785,785,0,de01fe0180,1,0,0,1,0,65025,170
786,786,0,de01fe0180,1,0,0,1,0,65025,170
787,787,0,de01fe0180,1,0,0,1,0,65025,170
788,788,0,de01fe0180,1,0,0,1,0,65025,170
789,789,0,de01fe0180,1,0,0,1,0,65025,170
790,790,0,de01fe0180,1,0,0,1,0,65025,170
791,791,0,de01fe0180,1,0,0,1,0,65025,170
792,792,0,de01fe0180,1,0,0,1,0,65025,170
793,793,0,de01fe0180,1,0,0,1,0,65025,170
794,794,0,de01fe0180,1,0,0,1,0,65025,170
795,795,0,de01fe0180,1,0,0,1,0,65025,170
796,796,0,de01fe0180,1,0,0,1,0,65025,170
797,797,0,de01fe0180,1,0,0,1,0,65025,170
798,798,0,de01fe0180,1,0,0,1,0,65025,170
799,799,0,de01fe0180,1,0,0,1,0,65025,170
800,800,0,de01fe0180,1,0,0,1,0,65025,170
801,801,0,de01fe0180,1,0,0,1,0,65025,170
802,802,0,de01fe0180,1,0,0,1,0,65025,170
803,803,0,de01fe0180,1,0,0,1,0,65025,170
804,804,0,de01fe0180,1,0,0,1,0,65025,170
805,805,0,de01fe0180,1,0,0,1,0,65025,170
806,806,0,de01fe0180,1,0,0,1,0,65025,170
807,807,0,de01fe0180,1,0,0,1,0,65025,170
808,808,0,de01fe0180,1,0,0,1,0,65025,170
809,809,0,de01fe0180,1,0,0,1,0,65025,170
810,810,0,de01fe0180,1,0,0,1,0,65025,170
811,811,0,de01fe0180,1,0,0,1,0,65025,170
812,812,0,de01fe0180,1,0,0,1,0,65025,170
813,813,0,de01fe0180,1,0,0,1,0,65025,170
814,814,0,de01fe0180,1,0,0,1,0,65025,170
815,815,0,de01fe0180,1,0,0,1,0,65025,170
816,816,0,de01fe0180,1,0,0,1,0,65025,170
817,817,0,de01fe0180,1,0,0,1,0,65025,170
818,818,0,de01fe0180,1,0,0,1,0,65025,170
819,819,0,de01fe0180,1,0,0,1,0,65025,170
820,820,0,de01fe0180,1,0,0,1,0,65025,170
821,821,0,de01fe0180,1,0,0,1,0,65025,170
822,822,0,de01fe0180,1,0,0,1,0,65025,170
823,823,0,de01fe0180,1,0,0,1,0,65025,170
824,824,0,de01fe0180,1,0,0,1,0,65025,170
825,825,0,de01fe0180,1,0,0,1,0,65025,170
826,826,0,de01fe0180,1,0,0,1,0,65025,170
827,827,0,de01fe0180,1,0,0,1,0,65025,170
828,828,0,de01fe0180,1,0,0,1,0,65025,170
829,829,0,de01fe0180,1,0,0,1,0,65025,170
830,830,0,de01fe0180,1,0,0,1,0,65025,170
831,831,0,de01fe0180,1,0,0,1,0,65025,170
832,832,0,de01fe0180,1,0,0,1,0,65025,170
833,833,0,de01fe0180,1,0,0,1,0,65025,170
834,834,0,de01fe0180,1,0,0,1,0,65025,170
835,835,0,de01fe0180,1,0,0,1,0,65025,170
836,836,0,de01fe0180,1,0,0,1,0,65025,170
837,837,0,de01fe0180,1,0,0,1,0,65025,170
838,838,0,de01fe0180,1,0,0,1,0,65025,170
839,839,0,de01fe0180,1,0,0,1,0,65025,170
840,840,0,de01fe0180,1,0,0,1,0,65025,170
841,841,0,de01fe0180,1,0,0,1,0,65025,170
842,842,0,de01fe0180,1,0,0,1,0,65025,170
843,843,0,de01fe0180,1,0,0,1,0,65025,170
844,844,0,de01fe0180,1,0,0,1,0,65025,170
845,845,0,de01fe0180,1,0,0,1,0,65025,170
846,846,0,de01fe0180,1,0,0,1,0,65025,170
847,847,0,de01fe0180,1,0,0,1,0,65025,170
848,848,0,de01fe0180,1,0,0,1,0,65025,170
849,849,0,de01fe0180,1,0,0,1,0,65025,170
850,850,0,de01fe0180,1,0,0,1,0,65025,170
851,851,0,de01fe0180,1,0,0,1,0,65025,170
852,852,0,de01fe0180,1,0,0,1,0,65025,170
853,853,0,de01fe0180,1,0,0,1,0,65025,170
854,854,0,de01fe0180,1,0,0,1,0,65025,170
855,855,0,de01fe0180,1,0,0,1,0,65025,170
856,856,0,de01fe0180,1,0,0,1,0,65025,170
857,857,0,de01fe0180,1,0,0,1,0,65025,170
858,858,0,de01fe0180,1,0,0,1,0,65025,170
859,859,0,de01fe0180,1,0,0,1,0,65025,170
860,860,0,de01fe0180,1,0,0,1,0,65025,170
861,861,0,de01fe0180,1,0,0,1,0,65025,170
862,862,0,de01fe0180,1,0,0,1,0,65025,170
863,863,0,de01fe0180,1,0,0,1,0,65025,170
864,864,0,de01fe0180,1,0,0,1,0,65025,170
865,865,0,de01fe0180,1,0,0,1,0,65025,170
866,866,0,de01fe0180,1,0,0,1,0,65025,170
867,867,0,de01fe0180,1,0,0,1,0,65025,170
868,868,0,de01fe0180,1,0,0,1,0,65025,170
869,869,0,de01fe0180,1,0,0,1,0,65025,170
870,870,0,de01fe0180,1,0,0,1,0,65025,170
871,871,0,de01fe0180,1,0,0,1,0,65025,170
872,872,0,de01fe0180,1,0,0,1,0,65025,170
873,873,0,de01fe0180,1,0,0,1,0,65025,170
874,874,0,de01fe0180,1,0,0,1,0,65025,170
875,875,0,de01fe0180,1,0,0,1,0,65025,170
876,876,0,de01fe0180,1,0,0,1,0,65025,170
877,877,0,de01fe0180,1,0,0,1,0,65025,170
878,878,0,de01fe0180,1,0,0,1,0,65025,170
879,879,0,de01fe0180,1,0,0,1,0,65025,170
880,880,0,de01fe0180,1,0,0,1,0,65025,170
881,881,0,de01fe0180,1,0,0,1,0,65025,170
882,882,0,de01fe0180,1,0,0,1,0,65025,170
883,883,0,de01fe0180,1,0,0,1,0,65025,170
884,884,0,de01fe0180,1,0,0,1,0,65025,170
885,885,0,de01fe0180,1,0,0,1,0,65025,170
886,886,0,de01fe0180,1,0,0,1,0,65025,170
887,887,0,de01fe0180,1,0,0,1,0,65025,170
888,888,0,de01fe0180,1,0,0,1,0,65025,170
889,889,0,de01fe0180,1,0,0,1,0,65025,170
890,890,0,de01fe0180,1,0,0,1,0,65025,170
891,891,0,de01fe0180,1,0,0,1,0,65025,170
892,892,0,de01fe0180,1,0,0,1,0,65025,170
893,893,0,de01fe0180,1,0,0,1,0,65025,170
894,894,0,de01fe0180,1,0,0,1,0,65025,170
895,895,0,de01fe0180,1,0,0,1,0,65025,170
896,896,0,de01fe0180,1,0,0,1,0,65025,170
897,897,0,de01fe0180,1,0,0,1,0,65025,170
898,898,0,de01fe0180,1,0,0,1,0,65025,170
899,899,0,de01fe0180,1,0,0,1,0,65025,170
900,900,0,de01fe0180,1,0,0,1,0,65025,170
901,901,0,de01fe0180,1,0,0,1,0,65025,170
902,902,0,de01fe0180,1,0,0,1,0,65025,170
903,903,0,de01fe0180,1,0,0,1,0,65025,170
904,904,0,de01fe0180,1,0,0,1,0,65025,170
905,905,0,de01fe0180,1,0,0,1,0,65025,170
906,906,0,de01fe0180,1,0,0,1,0,65025,170
907,907,0,de01fe0180,1,0,0,1,0,65025,170
908,908,0,de01fe0180,1,0,0,1,0,65025,170
909,909,0,de01fe0180,1,0,0,1,0,65025,170
910,910,0,de01fe0180,1,0,0,1,0,65025,170
911,911,0,de01fe0180,1,0,0,1,0,65025,170
912,912,0,de01fe0180,1,0,0,1,0,65025,170
913,913,0,de01fe0180,1,0,0,1,0,65025,170
914,914,0,de01fe0180,1,0,0,1,0,65025,170
915,915,0,de01fe0180,1,0,0,1,0,65025,170
916,916,0,de01fe0180,1,0,0,1,0,65025,170
917,917,0,de01fe0180,1,0,0,1,0,65025,170
918,918,0,de01fe0180,1,0,0,1,0,65025,170
919,919,0,de01fe0180,1,0,0,1,0,65025,170
920,920,0,de01fe0180,1,0,0,1,0,65025,170
921,921,0,de01fe0180,1,0,0,1,0,65025,170
922,922,0,de01fe0180,1,0,0,1,0,65025,170
923,923,0,de01fe0180,1,0,0,1,0,65025,170
924,924,0,de01fe0180,1,0,0,1,0,65025,170
925,925,0,de01fe0180,1,0,0,1,0,65025,170
926,926,0,de01fe0180,1,0,0,1,0,65025,170
927,927,0,de01fe0180,1,0,0,1,0,65025,170
928,928,0,de01fe0180,1,0,0,1,0,65025,170
929,929,0,de01fe0180,1,0,0,1,0,65025,170
930,930,0,de01fe0180,1,0,0,1,0,65025,170
931,931,0,de01fe0180,1,0,0,1,0,65025,170
932,932,0,de01fe0180,1,0,0,1,0,65025,170
933,933,0,de01fe0180,1,0,0,1,0,65025,170
934,934,0,de01fe0180,1,0,0,1,0,65025,170
935,935,0,de01fe0180,1,0,0,1,0,65025,170
936,936,0,de01fe0180,1,0,0,1,0,65025,170
937,937,0,de01fe0180,1,0,0,1,0,65025,170
938,938,0,de01fe0180,1,0,0,1,0,65025,170
939,939,0,de01fe0180,1,0,0,1,0,65025,170
940,940,0,de01fe0180,1,0,0,1,0,65025,170
941,941,0,de01fe0180,1,0,0,1,0,65025,170
942,942,0,de01fe0180,1,0,0,1,0,65025,170
943,943,0,de01fe0180,1,0,0,1,0,65025,170
944,944,0,de01fe0180,1,0,0,1,0,65025,170
945,945,0,de01fe0180,1,0,0,1,0,65025,170
946,946,0,de01fe0180,1,0,0,1,0,65025,170
947,947,0,de01fe0180,1,0,0,1,0,65025,170
948,948,0,de01fe0180,1,0,0,1,0,65025,170
949,949,0,de01fe0180,1,0,0,1,0,65025,170
950,950,0,de01fe0180,1,0,0,1,0,65025,170
951,951,0,de01fe0180,1,0,0,1,0,65025,170
952,952,0,de01fe0180,1,0,0,1,0,65025,170
953,953,0,de01fe0180,1,0,0,1,0,65025,170
954,954,0,de01fe0180,1,0,0,1,0,65025,170
955,955,0,de01fe0180,1,0,0,1,0,65025,170
956,956,0,de01fe0180,1,0,0,1,0,65025,170
957,957,0,de01fe0180,1,0,0,1,0,65025,170
958,958,0,de01fe0180,1,0,0,1,0,65025,170
959,959,0,de01fe0180,1,0,0,1,0,65025,170
960,960,0,de01fe0180,1,0,0,1,0,65025,170
961,961,0,de01fe0180,1,0,0,1,0,65025,170
962,962,0,de01fe0180,1,0,0,1,0,65025,170
963,963,0,de01fe0180,1,0,0,1,0,65025,170
964,964,0,de01fe0180,1,0,0,1,0,65025,170
965,965,0,de01fe0180,1,0,0,1,0,65025,170
966,966,0,de01fe0180,1,0,0,1,0,65025,170
967,967,0,de01fe0180,1,0,0,1,0,65025,170
968,968,0,de01fe0180,1,0,0,1,0,65025,170
969,969,0,de01fe0180,1,0,0,1,0,65025,170
970,970,0,de01fe0180,1,0,0,1,0,65025,170
971,971,0,de01fe0180,1,0,0,1,0,65025,170
972,972,0,de01fe0180,1,0,0,1,0,65025,170
973,973,0,de01fe0180,1,0,0,1,0,65025,170
974,974,0,de01fe0180,1,0,0,1,0,65025,170
975,975,0,de01fe0180,1,0,0,1,0,65025,170
976,976,0,de01fe0180,1,0,0,1,0,65025,170
977,977,0,de01fe0180,1,0,0,1,0,65025,170
978,978,0,de01fe0180,1,0,0,1,0,65025,170
979,979,0,de01fe0180,1,0,0,1,0,65025,170
980,980,0,de01fe0180,1,0,0,1,0,65025,170
981,981,0,de01fe0180,1,0,0,1,0,65025,170
982,982,0,de01fe0180,1,0,0,1,0,65025,170
983,983,0,de01fe0180,1,0,0,1,0,65025,170
984,984,0,de01fe0180,1,0,0,1,0,65025,170
985,985,0,de01fe0180,1,0,0,1,0,65025,170
986,986,0,de01fe0180,1,0,0,1,0,65025,170
987,987,0,de01fe0180,1,0,0,1,0,65025,170
988,988,0,de01fe0180,1,0,0,1,0,65025,170
989,989,0,de01fe0180,1,0,0,1,0,65025,170
990,990,0,de01fe0180,1,0,0,1,0,65025,170
991,991,0,de01fe0180,1,0,0,1,0,65025,170
992,992,0,de01fe0180,1,0,0,1,0,65025,170
993,993,0,de01fe0180,1,0,0,1,0,65025,170
994,994,0,de01fe0180,1,0,0,1,0,65025,170
995,995,0,de01fe0180,1,0,0,1,0,65025,170
996,996,0,de01fe0180,1,0,0,1,0,65025,170
997,997,0,de01fe0180,1,0,0,1,0,65025,170
998,998,0,de01fe0180,1,0,0,1,0,65025,170
999,999,0,de01fe0180,1,0,0,1,0,65025,170
1000,1000,0,de01fe0180,1,0,0,1,0,65025,170
1001,1001,0,de01fe0180,1,0,0,1,0,65025,170
1002,1002,0,de01fe0180,1,0,0,1,0,65025,170
1003,1003,0,de01fe0180,1,0,0,1,0,65025,170
1004,1004,0,de01fe0180,1,0,0,1,0,65025,170
1005,1005,0,de01fe0180,1,0,0,1,0,65025,170
1006,1006,0,de01fe0180,1,0,0,1,0,65025,170
1007,1007,0,de01fe0180,1,0,0,1,0,65025,170
1008,1008,0,de01fe0180,1,0,0,1,0,65025,170
1009,1009,0,de01fe0180,1,0,0,1,0,65025,170
1010,1010,0,de01fe0180,1,0,0,1,0,65025,170
1011,1011,0,de01fe0180,1,0,0,1,0,65025,170
1012,1012,0,de01fe0180,1,0,0,1,0,65025,170
1013,1013,0,de01fe0180,1,0,0,1,0,65025,170
1014,1014,0,de01fe0180,1,0,0,1,0,65025,170
1015,1015,0,de01fe0180,1,0,0,1,0,65025,170
1016,1016,0,de01fe0180,1,0,0,1,0,65025,170
1017,1017,0,de01fe0180,1,0,0,1,0,65025,170
1018,1018,0,de01fe0180,1,0,0,1,0,65025,170
1019,1019,0,de01fe0180,1,0,0,1,0,65025,170
1020,1020,0,de01fe0180,1,0,0,1,0,65025,170
1021,1021,0,de01fe0180,1,0,0,1,0,65025,170
1022,1022,0,de01fe0180,1,0,0,1,0,65025,170
1023,1023,0,de01fe0180,1,0,0,1,0,65025,170
